id,name,email
1,Person 1,person1@example.com
2,Person 2,person2@example.com
3,Person 3,person3@example.com
4,Person 4,person4@example.com
5,Person 5,person5@example.com
6,Person 6,person6@example.com
7,Person 7,person7@example.com
8,Person 8,person8@example.com
9,Person 9,person9@example.com
10,Person 10,person10@example.com
11,Person 11,person11@example.com
12,Person 12,person12@example.com
13,Person 13,person13@example.com
14,Person 14,person14@example.com
15,Person 15,person15@example.com
16,Person 16,person16@example.com
17,Person 17,person17@example.com
18,Person 18,person18@example.com
19,Person 19,person19@example.com
20,Person 20,person20@example.com
21,Person 21,person21@example.com
22,Person 22,person22@example.com
23,Person 23,person23@example.com
24,Person 24,person24@example.com
25,Person 25,person25@example.com
26,Person 26,person26@example.com
27,Person 27,person27@example.com
28,Person 28,person28@example.com
29,Person 29,person29@example.com
30,Person 30,person30@example.com
31,Person 31,person31@example.com
32,Person 32,person32@example.com
33,Person 33,person33@example.com
34,Person 34,person34@example.com
35,Person 35,person35@example.com
36,Person 36,person36@example.com
37,Person 37,person37@example.com
38,Person 38,person38@example.com
39,Person 39,person39@example.com
40,Person 40,person40@example.com
41,Person 41,person41@example.com
42,Person 42,person42@example.com
43,Person 43,person43@example.com
44,Person 44,person44@example.com
45,Person 45,person45@example.com
46,Person 46,person46@example.com
47,Person 47,person47@example.com
48,Person 48,person48@example.com
49,Person 49,person49@example.com
50,Person 50,person50@example.com
51,Person 51,person51@example.com
52,Person 52,person52@example.com
53,Person 53,person53@example.com
54,Person 54,person54@example.com
55,Person 55,person55@example.com
56,Person 56,person56@example.com
57,Person 57,person57@example.com
58,Person 58,person58@example.com
59,Person 59,person59@example.com
60,Person 60,person60@example.com
61,Person 61,person61@example.com
62,Person 62,person62@example.com
63,Person 63,person63@example.com
64,Person 64,person64@example.com
65,Person 65,person65@example.com
66,Person 66,person66@example.com
67,Person 67,person67@example.com
68,Person 68,person68@example.com
69,Person 69,person69@example.com
70,Person 70,person70@example.com
71,Person 71,person71@example.com
72,Person 72,person72@example.com
73,Person 73,person73@example.com
74,Person 74,person74@example.com
75,Person 75,person75@example.com
76,Person 76,person76@example.com
77,Person 77,person77@example.com
78,Person 78,person78@example.com
79,Person 79,person79@example.com
80,Person 80,person80@example.com
81,Person 81,person81@example.com
82,Person 82,person82@example.com
83,Person 83,person83@example.com
84,Person 84,person84@example.com
85,Person 85,person85@example.com
86,Person 86,person86@example.com
87,Person 87,person87@example.com
88,Person 88,person88@example.com
89,Person 89,person89@example.com
90,Person 90,person90@example.com
91,Person 91,person91@example.com
92,Person 92,person92@example.com
93,Person 93,person93@example.com
94,Person 94,person94@example.com
95,Person 95,person95@example.com
96,Person 96,person96@example.com
97,Person 97,person97@example.com
98,Person 98,person98@example.com
99,Person 99,person99@example.com
100,Person 100,person100@example.com
101,Person 101,person101@example.com
102,Person 102,person102@example.com
103,Person 103,person103@example.com
104,Person 104,person104@example.com
105,Person 105,person105@example.com
106,Person 106,person106@example.com
107,Person 107,person107@example.com
108,Person 108,person108@example.com
109,Person 109,person109@example.com
110,Person 110,person110@example.com
111,Person 111,person111@example.com
112,Person 112,person112@example.com
113,Person 113,person113@example.com
114,Person 114,person114@example.com
115,Person 115,person115@example.com
116,Person 116,person116@example.com
117,Person 117,person117@example.com
118,Person 118,person118@example.com
119,Person 119,person119@example.com
120,Person 120,person120@example.com
121,Person 121,person121@example.com
122,Person 122,person122@example.com
123,Person 123,person123@example.com
124,Person 124,person124@example.com
125,Person 125,person125@example.com
126,Person 126,person126@example.com
127,Person 127,person127@example.com
128,Person 128,person128@example.com
129,Person 129,person129@example.com
130,Person 130,person130@example.com
131,Person 131,person131@example.com
132,Person 132,person132@example.com
133,Person 133,person133@example.com
134,Person 134,person134@example.com
135,Person 135,person135@example.com
136,Person 136,person136@example.com
137,Person 137,person137@example.com
138,Person 138,person138@example.com
139,Person 139,person139@example.com
140,Person 140,person140@example.com
141,Person 141,person141@example.com
142,Person 142,person142@example.com
143,Person 143,person143@example.com
144,Person 144,person144@example.com
145,Person 145,person145@example.com
146,Person 146,person146@example.com
147,Person 147,person147@example.com
148,Person 148,person148@example.com
149,Person 149,person149@example.com
150,Person 150,person150@example.com
151,Person 151,person151@example.com
152,Person 152,person152@example.com
153,Person 153,person153@example.com
154,Person 154,person154@example.com
155,Person 155,person155@example.com
156,Person 156,person156@example.com
157,Person 157,person157@example.com
158,Person 158,person158@example.com
159,Person 159,person159@example.com
160,Person 160,person160@example.com
161,Person 161,person161@example.com
162,Person 162,person162@example.com
163,Person 163,person163@example.com
164,Person 164,person164@example.com
165,Person 165,person165@example.com
166,Person 166,person166@example.com
167,Person 167,person167@example.com
168,Person 168,person168@example.com
169,Person 169,person169@example.com
170,Person 170,person170@example.com
171,Person 171,person171@example.com
172,Person 172,person172@example.com
173,Person 173,person173@example.com
174,Person 174,person174@example.com
175,Person 175,person175@example.com
176,Person 176,person176@example.com
177,Person 177,person177@example.com
178,Person 178,person178@example.com
179,Person 179,person179@example.com
180,Person 180,person180@example.com
181,Person 181,person181@example.com
182,Person 182,person182@example.com
183,Person 183,person183@example.com
184,Person 184,person184@example.com
185,Person 185,person185@example.com
186,Person 186,person186@example.com
187,Person 187,person187@example.com
188,Person 188,person188@example.com
189,Person 189,person189@example.com
190,Person 190,person190@example.com
191,Person 191,person191@example.com
192,Person 192,person192@example.com
193,Person 193,person193@example.com
194,Person 194,person194@example.com
195,Person 195,person195@example.com
196,Person 196,person196@example.com
197,Person 197,person197@example.com
198,Person 198,person198@example.com
199,Person 199,person199@example.com
200,Person 200,person200@example.com
201,Person 201,person201@example.com
202,Person 202,person202@example.com
203,Person 203,person203@example.com
204,Person 204,person204@example.com
205,Person 205,person205@example.com
206,Person 206,person206@example.com
207,Person 207,person207@example.com
208,Person 208,person208@example.com
209,Person 209,person209@example.com
210,Person 210,person210@example.com
211,Person 211,person211@example.com
212,Person 212,person212@example.com
213,Person 213,person213@example.com
214,Person 214,person214@example.com
215,Person 215,person215@example.com
216,Person 216,person216@example.com
217,Person 217,person217@example.com
218,Person 218,person218@example.com
219,Person 219,person219@example.com
220,Person 220,person220@example.com
221,Person 221,person221@example.com
222,Person 222,person222@example.com
223,Person 223,person223@example.com
224,Person 224,person224@example.com
225,Person 225,person225@example.com
226,Person 226,person226@example.com
227,Person 227,person227@example.com
228,Person 228,person228@example.com
229,Person 229,person229@example.com
230,Person 230,person230@example.com
231,Person 231,person231@example.com
232,Person 232,person232@example.com
233,Person 233,person233@example.com
234,Person 234,person234@example.com
235,Person 235,person235@example.com
236,Person 236,person236@example.com
237,Person 237,person237@example.com
238,Person 238,person238@example.com
239,Person 239,person239@example.com
240,Person 240,person240@example.com
241,Person 241,person241@example.com
242,Person 242,person242@example.com
243,Person 243,person243@example.com
244,Person 244,person244@example.com
245,Person 245,person245@example.com
246,Person 246,person246@example.com
247,Person 247,person247@example.com
248,Person 248,person248@example.com
249,Person 249,person249@example.com
250,Person 250,person250@example.com
251,Person 251,person251@example.com
252,Person 252,person252@example.com
253,Person 253,person253@example.com
254,Person 254,person254@example.com
255,Person 255,person255@example.com
256,Person 256,person256@example.com
257,Person 257,person257@example.com
258,Person 258,person258@example.com
259,Person 259,person259@example.com
260,Person 260,person260@example.com
261,Person 261,person261@example.com
262,Person 262,person262@example.com
263,Person 263,person263@example.com
264,Person 264,person264@example.com
265,Person 265,person265@example.com
266,Person 266,person266@example.com
267,Person 267,person267@example.com
268,Person 268,person268@example.com
269,Person 269,person269@example.com
270,Person 270,person270@example.com
271,Person 271,person271@example.com
272,Person 272,person272@example.com
273,Person 273,person273@example.com
274,Person 274,person274@example.com
275,Person 275,person275@example.com
276,Person 276,person276@example.com
277,Person 277,person277@example.com
278,Person 278,person278@example.com
279,Person 279,person279@example.com
280,Person 280,person280@example.com
281,Person 281,person281@example.com
282,Person 282,person282@example.com
283,Person 283,person283@example.com
284,Person 284,person284@example.com
285,Person 285,person285@example.com
286,Person 286,person286@example.com
287,Person 287,person287@example.com
288,Person 288,person288@example.com
289,Person 289,person289@example.com
290,Person 290,person290@example.com
291,Person 291,person291@example.com
292,Person 292,person292@example.com
293,Person 293,person293@example.com
294,Person 294,person294@example.com
295,Person 295,person295@example.com
296,Person 296,person296@example.com
297,Person 297,person297@example.com
298,Person 298,person298@example.com
299,Person 299,person299@example.com
300,Person 300,person300@example.com
301,Person 301,person301@example.com
302,Person 302,person302@example.com
303,Person 303,person303@example.com
304,Person 304,person304@example.com
305,Person 305,person305@example.com
306,Person 306,person306@example.com
307,Person 307,person307@example.com
308,Person 308,person308@example.com
309,Person 309,person309@example.com
310,Person 310,person310@example.com
311,Person 311,person311@example.com
312,Person 312,person312@example.com
313,Person 313,person313@example.com
314,Person 314,person314@example.com
315,Person 315,person315@example.com
316,Person 316,person316@example.com
317,Person 317,person317@example.com
318,Person 318,person318@example.com
319,Person 319,person319@example.com
320,Person 320,person320@example.com
321,Person 321,person321@example.com
322,Person 322,person322@example.com
323,Person 323,person323@example.com
324,Person 324,person324@example.com
325,Person 325,person325@example.com
326,Person 326,person326@example.com
327,Person 327,person327@example.com
328,Person 328,person328@example.com
329,Person 329,person329@example.com
330,Person 330,person330@example.com
331,Person 331,person331@example.com
332,Person 332,person332@example.com
333,Person 333,person333@example.com
334,Person 334,person334@example.com
335,Person 335,person335@example.com
336,Person 336,person336@example.com
337,Person 337,person337@example.com
338,Person 338,person338@example.com
339,Person 339,person339@example.com
340,Person 340,person340@example.com
341,Person 341,person341@example.com
342,Person 342,person342@example.com
343,Person 343,person343@example.com
344,Person 344,person344@example.com
345,Person 345,person345@example.com
346,Person 346,person346@example.com
347,Person 347,person347@example.com
348,Person 348,person348@example.com
349,Person 349,person349@example.com
350,Person 350,person350@example.com
351,Person 351,person351@example.com
352,Person 352,person352@example.com
353,Person 353,person353@example.com
354,Person 354,person354@example.com
355,Person 355,person355@example.com
356,Person 356,person356@example.com
357,Person 357,person357@example.com
358,Person 358,person358@example.com
359,Person 359,person359@example.com
360,Person 360,person360@example.com
361,Person 361,person361@example.com
362,Person 362,person362@example.com
363,Person 363,person363@example.com
364,Person 364,person364@example.com
365,Person 365,person365@example.com
366,Person 366,person366@example.com
367,Person 367,person367@example.com
368,Person 368,person368@example.com
369,Person 369,person369@example.com
370,Person 370,person370@example.com
371,Person 371,person371@example.com
372,Person 372,person372@example.com
373,Person 373,person373@example.com
374,Person 374,person374@example.com
375,Person 375,person375@example.com
376,Person 376,person376@example.com
377,Person 377,person377@example.com
378,Person 378,person378@example.com
379,Person 379,person379@example.com
380,Person 380,person380@example.com
381,Person 381,person381@example.com
382,Person 382,person382@example.com
383,Person 383,person383@example.com
384,Person 384,person384@example.com
385,Person 385,person385@example.com
386,Person 386,person386@example.com
387,Person 387,person387@example.com
388,Person 388,person388@example.com
389,Person 389,person389@example.com
390,Person 390,person390@example.com
391,Person 391,person391@example.com
392,Person 392,person392@example.com
393,Person 393,person393@example.com
394,Person 394,person394@example.com
395,Person 395,person395@example.com
396,Person 396,person396@example.com
397,Person 397,person397@example.com
398,Person 398,person398@example.com
399,Person 399,person399@example.com
400,Person 400,person400@example.com
401,Person 401,person401@example.com
402,Person 402,person402@example.com
403,Person 403,person403@example.com
404,Person 404,person404@example.com
405,Person 405,person405@example.com
406,Person 406,person406@example.com
407,Person 407,person407@example.com
408,Person 408,person408@example.com
409,Person 409,person409@example.com
410,Person 410,person410@example.com
411,Person 411,person411@example.com
412,Person 412,person412@example.com
413,Person 413,person413@example.com
414,Person 414,person414@example.com
415,Person 415,person415@example.com
416,Person 416,person416@example.com
417,Person 417,person417@example.com
418,Person 418,person418@example.com
419,Person 419,person419@example.com
420,Person 420,person420@example.com
421,Person 421,person421@example.com
422,Person 422,person422@example.com
423,Person 423,person423@example.com
424,Person 424,person424@example.com
425,Person 425,person425@example.com
426,Person 426,person426@example.com
427,Person 427,person427@example.com
428,Person 428,person428@example.com
429,Person 429,person429@example.com
430,Person 430,person430@example.com
431,Person 431,person431@example.com
432,Person 432,person432@example.com
433,Person 433,person433@example.com
434,Person 434,person434@example.com
435,Person 435,person435@example.com
436,Person 436,person436@example.com
437,Person 437,person437@example.com
438,Person 438,person438@example.com
439,Person 439,person439@example.com
440,Person 440,person440@example.com
441,Person 441,person441@example.com
442,Person 442,person442@example.com
443,Person 443,person443@example.com
444,Person 444,person444@example.com
445,Person 445,person445@example.com
446,Person 446,person446@example.com
447,Person 447,person447@example.com
448,Person 448,person448@example.com
449,Person 449,person449@example.com
450,Person 450,person450@example.com
451,Person 451,person451@example.com
452,Person 452,person452@example.com
453,Person 453,person453@example.com
454,Person 454,person454@example.com
455,Person 455,person455@example.com
456,Person 456,person456@example.com
457,Person 457,person457@example.com
458,Person 458,person458@example.com
459,Person 459,person459@example.com
460,Person 460,person460@example.com
461,Person 461,person461@example.com
462,Person 462,person462@example.com
463,Person 463,person463@example.com
464,Person 464,person464@example.com
465,Person 465,person465@example.com
466,Person 466,person466@example.com
467,Person 467,person467@example.com
468,Person 468,person468@example.com
469,Person 469,person469@example.com
470,Person 470,person470@example.com
471,Person 471,person471@example.com
472,Person 472,person472@example.com
473,Person 473,person473@example.com
474,Person 474,person474@example.com
475,Person 475,person475@example.com
476,Person 476,person476@example.com
477,Person 477,person477@example.com
478,Person 478,person478@example.com
479,Person 479,person479@example.com
480,Person 480,person480@example.com
481,Person 481,person481@example.com
482,Person 482,person482@example.com
483,Person 483,person483@example.com
484,Person 484,person484@example.com
485,Person 485,person485@example.com
486,Person 486,person486@example.com
487,Person 487,person487@example.com
488,Person 488,person488@example.com
489,Person 489,person489@example.com
490,Person 490,person490@example.com
491,Person 491,person491@example.com
492,Person 492,person492@example.com
493,Person 493,person493@example.com
494,Person 494,person494@example.com
495,Person 495,person495@example.com
496,Person 496,person496@example.com
497,Person 497,person497@example.com
498,Person 498,person498@example.com
499,Person 499,person499@example.com
500,Person 500,person500@example.com
501,Person 501,person501@example.com
502,Person 502,person502@example.com
503,Person 503,person503@example.com
504,Person 504,person504@example.com
505,Person 505,person505@example.com
506,Person 506,person506@example.com
507,Person 507,person507@example.com
508,Person 508,person508@example.com
509,Person 509,person509@example.com
510,Person 510,person510@example.com
511,Person 511,person511@example.com
512,Person 512,person512@example.com
513,Person 513,person513@example.com
514,Person 514,person514@example.com
515,Person 515,person515@example.com
516,Person 516,person516@example.com
517,Person 517,person517@example.com
518,Person 518,person518@example.com
519,Person 519,person519@example.com
520,Person 520,person520@example.com
521,Person 521,person521@example.com
522,Person 522,person522@example.com
523,Person 523,person523@example.com
524,Person 524,person524@example.com
525,Person 525,person525@example.com
526,Person 526,person526@example.com
527,Person 527,person527@example.com
528,Person 528,person528@example.com
529,Person 529,person529@example.com
530,Person 530,person530@example.com
531,Person 531,person531@example.com
532,Person 532,person532@example.com
533,Person 533,person533@example.com
534,Person 534,person534@example.com
535,Person 535,person535@example.com
536,Person 536,person536@example.com
537,Person 537,person537@example.com
538,Person 538,person538@example.com
539,Person 539,person539@example.com
540,Person 540,person540@example.com
541,Person 541,person541@example.com
542,Person 542,person542@example.com
543,Person 543,person543@example.com
544,Person 544,person544@example.com
545,Person 545,person545@example.com
546,Person 546,person546@example.com
547,Person 547,person547@example.com
548,Person 548,person548@example.com
549,Person 549,person549@example.com
550,Person 550,person550@example.com
551,Person 551,person551@example.com
552,Person 552,person552@example.com
553,Person 553,person553@example.com
554,Person 554,person554@example.com
555,Person 555,person555@example.com
556,Person 556,person556@example.com
557,Person 557,person557@example.com
558,Person 558,person558@example.com
559,Person 559,person559@example.com
560,Person 560,person560@example.com
561,Person 561,person561@example.com
562,Person 562,person562@example.com
563,Person 563,person563@example.com
564,Person 564,person564@example.com
565,Person 565,person565@example.com
566,Person 566,person566@example.com
567,Person 567,person567@example.com
568,Person 568,person568@example.com
569,Person 569,person569@example.com
570,Person 570,person570@example.com
571,Person 571,person571@example.com
572,Person 572,person572@example.com
573,Person 573,person573@example.com
574,Person 574,person574@example.com
575,Person 575,person575@example.com
576,Person 576,person576@example.com
577,Person 577,person577@example.com
578,Person 578,person578@example.com
579,Person 579,person579@example.com
580,Person 580,person580@example.com
581,Person 581,person581@example.com
582,Person 582,person582@example.com
583,Person 583,person583@example.com
584,Person 584,person584@example.com
585,Person 585,person585@example.com
586,Person 586,person586@example.com
587,Person 587,person587@example.com
588,Person 588,person588@example.com
589,Person 589,person589@example.com
590,Person 590,person590@example.com
591,Person 591,person591@example.com
592,Person 592,person592@example.com
593,Person 593,person593@example.com
594,Person 594,person594@example.com
595,Person 595,person595@example.com
596,Person 596,person596@example.com
597,Person 597,person597@example.com
598,Person 598,person598@example.com
599,Person 599,person599@example.com
600,Person 600,person600@example.com
601,Person 601,person601@example.com
602,Person 602,person602@example.com
603,Person 603,person603@example.com
604,Person 604,person604@example.com
605,Person 605,person605@example.com
606,Person 606,person606@example.com
607,Person 607,person607@example.com
608,Person 608,person608@example.com
609,Person 609,person609@example.com
610,Person 610,person610@example.com
611,Person 611,person611@example.com
612,Person 612,person612@example.com
613,Person 613,person613@example.com
614,Person 614,person614@example.com
615,Person 615,person615@example.com
616,Person 616,person616@example.com
617,Person 617,person617@example.com
618,Person 618,person618@example.com
619,Person 619,person619@example.com
620,Person 620,person620@example.com
621,Person 621,person621@example.com
622,Person 622,person622@example.com
623,Person 623,person623@example.com
624,Person 624,person624@example.com
625,Person 625,person625@example.com
626,Person 626,person626@example.com
627,Person 627,person627@example.com
628,Person 628,person628@example.com
629,Person 629,person629@example.com
630,Person 630,person630@example.com
631,Person 631,person631@example.com
632,Person 632,person632@example.com
633,Person 633,person633@example.com
634,Person 634,person634@example.com
635,Person 635,person635@example.com
636,Person 636,person636@example.com
637,Person 637,person637@example.com
638,Person 638,person638@example.com
639,Person 639,person639@example.com
640,Person 640,person640@example.com
641,Person 641,person641@example.com
642,Person 642,person642@example.com
643,Person 643,person643@example.com
644,Person 644,person644@example.com
645,Person 645,person645@example.com
646,Person 646,person646@example.com
647,Person 647,person647@example.com
648,Person 648,person648@example.com
649,Person 649,person649@example.com
650,Person 650,person650@example.com
651,Person 651,person651@example.com
652,Person 652,person652@example.com
653,Person 653,person653@example.com
654,Person 654,person654@example.com
655,Person 655,person655@example.com
656,Person 656,person656@example.com
657,Person 657,person657@example.com
658,Person 658,person658@example.com
659,Person 659,person659@example.com
660,Person 660,person660@example.com
661,Person 661,person661@example.com
662,Person 662,person662@example.com
663,Person 663,person663@example.com
664,Person 664,person664@example.com
665,Person 665,person665@example.com
666,Person 666,person666@example.com
667,Person 667,person667@example.com
668,Person 668,person668@example.com
669,Person 669,person669@example.com
670,Person 670,person670@example.com
671,Person 671,person671@example.com
672,Person 672,person672@example.com
673,Person 673,person673@example.com
674,Person 674,person674@example.com
675,Person 675,person675@example.com
676,Person 676,person676@example.com
677,Person 677,person677@example.com
678,Person 678,person678@example.com
679,Person 679,person679@example.com
680,Person 680,person680@example.com
681,Person 681,person681@example.com
682,Person 682,person682@example.com
683,Person 683,person683@example.com
684,Person 684,person684@example.com
685,Person 685,person685@example.com
686,Person 686,person686@example.com
687,Person 687,person687@example.com
688,Person 688,person688@example.com
689,Person 689,person689@example.com
690,Person 690,person690@example.com
691,Person 691,person691@example.com
692,Person 692,person692@example.com
693,Person 693,person693@example.com
694,Person 694,person694@example.com
695,Person 695,person695@example.com
696,Person 696,person696@example.com
697,Person 697,person697@example.com
698,Person 698,person698@example.com
699,Person 699,person699@example.com
700,Person 700,person700@example.com
701,Person 701,person701@example.com
702,Person 702,person702@example.com
703,Person 703,person703@example.com
704,Person 704,person704@example.com
705,Person 705,person705@example.com
706,Person 706,person706@example.com
707,Person 707,person707@example.com
708,Person 708,person708@example.com
709,Person 709,person709@example.com
710,Person 710,person710@example.com
711,Person 711,person711@example.com
712,Person 712,person712@example.com
713,Person 713,person713@example.com
714,Person 714,person714@example.com
715,Person 715,person715@example.com
716,Person 716,person716@example.com
717,Person 717,person717@example.com
718,Person 718,person718@example.com
719,Person 719,person719@example.com
720,Person 720,person720@example.com
721,Person 721,person721@example.com
722,Person 722,person722@example.com
723,Person 723,person723@example.com
724,Person 724,person724@example.com
725,Person 725,person725@example.com
726,Person 726,person726@example.com
727,Person 727,person727@example.com
728,Person 728,person728@example.com
729,Person 729,person729@example.com
730,Person 730,person730@example.com
731,Person 731,person731@example.com
732,Person 732,person732@example.com
733,Person 733,person733@example.com
734,Person 734,person734@example.com
735,Person 735,person735@example.com
736,Person 736,person736@example.com
737,Person 737,person737@example.com
738,Person 738,person738@example.com
739,Person 739,person739@example.com
740,Person 740,person740@example.com
741,Person 741,person741@example.com
742,Person 742,person742@example.com
743,Person 743,person743@example.com
744,Person 744,person744@example.com
745,Person 745,person745@example.com
746,Person 746,person746@example.com
747,Person 747,person747@example.com
748,Person 748,person748@example.com
749,Person 749,person749@example.com
750,Person 750,person750@example.com
751,Person 751,person751@example.com
752,Person 752,person752@example.com
753,Person 753,person753@example.com
754,Person 754,person754@example.com
755,Person 755,person755@example.com
756,Person 756,person756@example.com
757,Person 757,person757@example.com
758,Person 758,person758@example.com
759,Person 759,person759@example.com
760,Person 760,person760@example.com
761,Person 761,person761@example.com
762,Person 762,person762@example.com
763,Person 763,person763@example.com
764,Person 764,person764@example.com
765,Person 765,person765@example.com
766,Person 766,person766@example.com
767,Person 767,person767@example.com
768,Person 768,person768@example.com
769,Person 769,person769@example.com
770,Person 770,person770@example.com
771,Person 771,person771@example.com
772,Person 772,person772@example.com
773,Person 773,person773@example.com
774,Person 774,person774@example.com
775,Person 775,person775@example.com
776,Person 776,person776@example.com
777,Person 777,person777@example.com
778,Person 778,person778@example.com
779,Person 779,person779@example.com
780,Person 780,person780@example.com
781,Person 781,person781@example.com
782,Person 782,person782@example.com
783,Person 783,person783@example.com
784,Person 784,person784@example.com
785,Person 785,person785@example.com
786,Person 786,person786@example.com
787,Person 787,person787@example.com
788,Person 788,person788@example.com
789,Person 789,person789@example.com
790,Person 790,person790@example.com
791,Person 791,person791@example.com
792,Person 792,person792@example.com
793,Person 793,person793@example.com
794,Person 794,person794@example.com
795,Person 795,person795@example.com
796,Person 796,person796@example.com
797,Person 797,person797@example.com
798,Person 798,person798@example.com
799,Person 799,person799@example.com
800,Person 800,person800@example.com
801,Person 801,person801@example.com
802,Person 802,person802@example.com
803,Person 803,person803@example.com
804,Person 804,person804@example.com
805,Person 805,person805@example.com
806,Person 806,person806@example.com
807,Person 807,person807@example.com
808,Person 808,person808@example.com
809,Person 809,person809@example.com
810,Person 810,person810@example.com
811,Person 811,person811@example.com
812,Person 812,person812@example.com
813,Person 813,person813@example.com
814,Person 814,person814@example.com
815,Person 815,person815@example.com
816,Person 816,person816@example.com
817,Person 817,person817@example.com
818,Person 818,person818@example.com
819,Person 819,person819@example.com
820,Person 820,person820@example.com
821,Person 821,person821@example.com
822,Person 822,person822@example.com
823,Person 823,person823@example.com
824,Person 824,person824@example.com
825,Person 825,person825@example.com
826,Person 826,person826@example.com
827,Person 827,person827@example.com
828,Person 828,person828@example.com
829,Person 829,person829@example.com
830,Person 830,person830@example.com
831,Person 831,person831@example.com
832,Person 832,person832@example.com
833,Person 833,person833@example.com
834,Person 834,person834@example.com
835,Person 835,person835@example.com
836,Person 836,person836@example.com
837,Person 837,person837@example.com
838,Person 838,person838@example.com
839,Person 839,person839@example.com
840,Person 840,person840@example.com
841,Person 841,person841@example.com
842,Person 842,person842@example.com
843,Person 843,person843@example.com
844,Person 844,person844@example.com
845,Person 845,person845@example.com
846,Person 846,person846@example.com
847,Person 847,person847@example.com
848,Person 848,person848@example.com
849,Person 849,person849@example.com
850,Person 850,person850@example.com
851,Person 851,person851@example.com
852,Person 852,person852@example.com
853,Person 853,person853@example.com
854,Person 854,person854@example.com
855,Person 855,person855@example.com
856,Person 856,person856@example.com
857,Person 857,person857@example.com
858,Person 858,person858@example.com
859,Person 859,person859@example.com
860,Person 860,person860@example.com
861,Person 861,person861@example.com
862,Person 862,person862@example.com
863,Person 863,person863@example.com
864,Person 864,person864@example.com
865,Person 865,person865@example.com
866,Person 866,person866@example.com
867,Person 867,person867@example.com
868,Person 868,person868@example.com
869,Person 869,person869@example.com
870,Person 870,person870@example.com
871,Person 871,person871@example.com
872,Person 872,person872@example.com
873,Person 873,person873@example.com
874,Person 874,person874@example.com
875,Person 875,person875@example.com
876,Person 876,person876@example.com
877,Person 877,person877@example.com
878,Person 878,person878@example.com
879,Person 879,person879@example.com
880,Person 880,person880@example.com
881,Person 881,person881@example.com
882,Person 882,person882@example.com
883,Person 883,person883@example.com
884,Person 884,person884@example.com
885,Person 885,person885@example.com
886,Person 886,person886@example.com
887,Person 887,person887@example.com
888,Person 888,person888@example.com
889,Person 889,person889@example.com
890,Person 890,person890@example.com
891,Person 891,person891@example.com
892,Person 892,person892@example.com
893,Person 893,person893@example.com
894,Person 894,person894@example.com
895,Person 895,person895@example.com
896,Person 896,person896@example.com
897,Person 897,person897@example.com
898,Person 898,person898@example.com
899,Person 899,person899@example.com
900,Person 900,person900@example.com
901,Person 901,person901@example.com
902,Person 902,person902@example.com
903,Person 903,person903@example.com
904,Person 904,person904@example.com
905,Person 905,person905@example.com
906,Person 906,person906@example.com
907,Person 907,person907@example.com
908,Person 908,person908@example.com
909,Person 909,person909@example.com
910,Person 910,person910@example.com
911,Person 911,person911@example.com
912,Person 912,person912@example.com
913,Person 913,person913@example.com
914,Person 914,person914@example.com
915,Person 915,person915@example.com
916,Person 916,person916@example.com
917,Person 917,person917@example.com
918,Person 918,person918@example.com
919,Person 919,person919@example.com
920,Person 920,person920@example.com
921,Person 921,person921@example.com
922,Person 922,person922@example.com
923,Person 923,person923@example.com
924,Person 924,person924@example.com
925,Person 925,person925@example.com
926,Person 926,person926@example.com
927,Person 927,person927@example.com
928,Person 928,person928@example.com
929,Person 929,person929@example.com
930,Person 930,person930@example.com
931,Person 931,person931@example.com
932,Person 932,person932@example.com
933,Person 933,person933@example.com
934,Person 934,person934@example.com
935,Person 935,person935@example.com
936,Person 936,person936@example.com
937,Person 937,person937@example.com
938,Person 938,person938@example.com
939,Person 939,person939@example.com
940,Person 940,person940@example.com
941,Person 941,person941@example.com
942,Person 942,person942@example.com
943,Person 943,person943@example.com
944,Person 944,person944@example.com
945,Person 945,person945@example.com
946,Person 946,person946@example.com
947,Person 947,person947@example.com
948,Person 948,person948@example.com
949,Person 949,person949@example.com
950,Person 950,person950@example.com
951,Person 951,person951@example.com
952,Person 952,person952@example.com
953,Person 953,person953@example.com
954,Person 954,person954@example.com
955,Person 955,person955@example.com
956,Person 956,person956@example.com
957,Person 957,person957@example.com
958,Person 958,person958@example.com
959,Person 959,person959@example.com
960,Person 960,person960@example.com
961,Person 961,person961@example.com
962,Person 962,person962@example.com
963,Person 963,person963@example.com
964,Person 964,person964@example.com
965,Person 965,person965@example.com
966,Person 966,person966@example.com
967,Person 967,person967@example.com
968,Person 968,person968@example.com
969,Person 969,person969@example.com
970,Person 970,person970@example.com
971,Person 971,person971@example.com
972,Person 972,person972@example.com
973,Person 973,person973@example.com
974,Person 974,person974@example.com
975,Person 975,person975@example.com
976,Person 976,person976@example.com
977,Person 977,person977@example.com
978,Person 978,person978@example.com
979,Person 979,person979@example.com
980,Person 980,person980@example.com
981,Person 981,person981@example.com
982,Person 982,person982@example.com
983,Person 983,person983@example.com
984,Person 984,person984@example.com
985,Person 985,person985@example.com
986,Person 986,person986@example.com
987,Person 987,person987@example.com
988,Person 988,person988@example.com
989,Person 989,person989@example.com
990,Person 990,person990@example.com
991,Person 991,person991@example.com
992,Person 992,person992@example.com
993,Person 993,person993@example.com
994,Person 994,person994@example.com
995,Person 995,person995@example.com
996,Person 996,person996@example.com
997,Person 997,person997@example.com
998,Person 998,person998@example.com
999,Person 999,person999@example.com
1000,Person 1000,person1000@example.com
